"","small_est","small_se","med_est","med_est","large_est","large_se","pop_estimate","pop_se"
"1989",NA,NA,NA,NA,NA,NA,0,0
"1990",NA,NA,NA,NA,NA,NA,0,0
"1991",NA,NA,NA,NA,NA,NA,0,0
"1992",NA,NA,NA,NA,NA,NA,0,0
"1993",NA,NA,NA,NA,NA,NA,0,0
"1994",NA,NA,NA,NA,NA,NA,0,0
"1995",NA,NA,NA,NA,NA,NA,0,0
"1996",NA,NA,NA,NA,NA,NA,0,0
"1997",NA,NA,NA,NA,NA,NA,0,0
"1998",NA,NA,NA,NA,NA,NA,0,0
"1999",NA,NA,NA,NA,NA,NA,0,0
"2000",NA,NA,NA,NA,NA,NA,0,0
"2001",NA,NA,NA,NA,NA,NA,0,0
"2002",NA,NA,NA,NA,NA,NA,0,0
"2003",NA,NA,NA,NA,NA,NA,0,0
"2004",0.090265687414177,0.00504784661161299,0.510583721919888,0.161331182051049,1.81368412231219,0.625771690810651,2.41453353164626,0.792150719473313
"2005",-0.0669666856350157,0.000400350119279504,0.126072606186358,0.0452019878030149,3.4863080763634,0.775987846114403,3.54541399691474,0.821590184036698
"2006",-0.101100687165362,0.000149274414834523,0.0718163955879387,0.0713190265116666,4.84396318339566,0.864043321137137,4.81467889181824,0.935511622063638
"2007",0.0246784466202141,0.00545698804212447,-0.136334868919144,0.00683053685345892,14.2778786769419,1.41116612358163,14.166222254643,1.42345364847722
"2008",-0.00819809014862834,NA,0.252382886233787,0.0175114477953257,10.9672537184599,1.40572459039512,11.2114385145451,1.42323603819044
"2009",0.0328119440747427,NA,0.0234987547274237,0.0100433392062999,9.91089661089661,1.30576731976079,9.96720730969878,1.31581065896709
"2010",-0.0167035825323607,NA,1.19927455243746,0.624994402467398,5.7567687186966,1.44910935884524,6.9393396886017,2.07410376131264
"2011",NA,NA,NA,NA,NA,NA,0,0
"2012",NA,NA,NA,NA,NA,NA,0,0
"2013",NA,NA,NA,NA,NA,NA,0,0
