"","small_est","small_se","med_est","med_est","large_est","large_se","pop_estimate","pop_se"
"1989",NA,NA,NA,NA,NA,NA,0,0
"1990",NA,NA,NA,NA,NA,NA,0,0
"1991",NA,NA,NA,NA,NA,NA,0,0
"1992",NA,NA,NA,NA,NA,NA,0,0
"1993",NA,NA,NA,NA,NA,NA,0,0
"1994",NA,NA,NA,NA,NA,NA,0,0
"1995",NA,NA,NA,NA,NA,NA,0,0
"1996",NA,NA,NA,NA,NA,NA,0,0
"1997",NA,NA,NA,NA,NA,NA,0,0
"1998",NA,NA,NA,NA,NA,NA,0,0
"1999",NA,NA,NA,NA,NA,NA,0,0
"2000",NA,NA,NA,NA,NA,NA,0,0
"2001",NA,NA,NA,NA,NA,NA,0,0
"2002",NA,NA,NA,NA,NA,NA,0,0
"2003",-0.147440656651571,0.00151054924506059,1.08312236775447,0.204889217075179,1.79618294391625,0.223333666609435,2.73186465501915,0.429733432929674
"2004",0.010091027831961,0.00546879800834997,0.476704761744689,0.135013595990807,4.82522075528391,0.590404519754501,5.31201654486056,0.730886913753658
"2005",0.0252106145344965,0.00405865208470421,0.687731446775368,0.251611260070215,2.88888365773037,0.585112594858582,3.60182571904024,0.840782507013502
"2006",0.0935204708638353,0.0111969062309728,-0.198170436902149,0.0602402286750058,5.18477926387943,0.668749329926165,5.08012929784112,0.740186464832144
"2007",0.0982901013125352,0.0107407131437455,3.35301889479386,0.594571886501641,8.75369286872591,1.13396013863339,12.2050018648323,1.73927273827878
"2008",-0.107484673610046,0.00660936529451642,1.13485391700875,0.214926570961343,7.3669619272372,1.25433478348945,8.3943311706359,1.47587071974531
"2009",0.137200906912698,0.0203713354737178,0.122254349790584,0.139166993596172,2.51819845057305,0.591219940310384,2.77765370727633,0.750758269380273
"2010",0.315672783238908,0.104640144883025,0.385889396617858,0.131481078799182,5.81269744647801,0.989993580406216,6.51425962633477,1.22611480408842
"2011",0.0731675326709479,0.0161070618527258,1.31023159036054,0.234438978885956,5.75307813927207,0.87696583594369,7.13647726230356,1.12751187668237
"2012",0.0602491262881449,0.0283016578214776,0.150334189487396,0.197685551404875,2.5756218794019,0.676333532092235,2.78620519517744,0.902320741318588
"2013",-0.0351395924701329,0.0330439185812403,0.798066389705382,0.394781281801296,4.54304428465914,0.828152661317915,5.30597108189439,1.25597786170045
