"","small_est","small_se","med_est","med_est","large_est","large_se","pop_estimate","pop_se"
"1989",NA,NA,NA,NA,NA,NA,0,0
"1990",NA,NA,NA,NA,NA,NA,0,0
"1991",NA,NA,NA,NA,NA,NA,0,0
"1992",NA,NA,NA,NA,NA,NA,0,0
"1993",NA,NA,NA,NA,NA,NA,0,0
"1994",NA,NA,NA,NA,NA,NA,0,0
"1995",NA,NA,NA,NA,NA,NA,0,0
"1996",NA,NA,NA,NA,NA,NA,0,0
"1997",NA,NA,NA,NA,NA,NA,0,0
"1998",NA,NA,NA,NA,NA,NA,0,0
"1999",NA,NA,NA,NA,NA,NA,0,0
"2000",NA,NA,NA,NA,NA,NA,0,0
"2001",NA,NA,NA,NA,NA,NA,0,0
"2002",NA,NA,NA,NA,NA,NA,0,0
"2003",-0.0494352090610389,0.00075887693881958,0.436818328916411,0.0855697304135057,5.3469583844349,1.11486134092679,5.73434150429028,1.20118994827911
"2004",-0.00772589109507764,0.000248413074833147,0.131364511575919,0.014800094840501,8.88798351017082,0.994437844731139,9.01162213065166,1.00948635264647
"2005",-0.0165256199738958,4.61855229507336e-05,0.705617348619377,0.100815783414759,7.10193032937656,1.19772228504637,7.79102205802204,1.29858425398408
"2006",0.00681813033728226,NA,0.655900363180586,0.09184362662511,9.64209607865575,1.36504396037568,10.3048145721736,1.45688758700079
"2007",0.0317545017744892,NA,0.76586329376061,0.202864664514737,13.0740139831351,2.24435630680654,13.8716317786702,2.44722097132128
"2008",-0.0109369576246295,NA,0.33762115831353,0.0621071876060457,11.6345350971246,1.48225863833449,11.9612192978135,1.54436582594053
"2009",NA,NA,-0.0337886703518452,0.0113081129030397,6.51374858586701,1.78008819706757,6.47995991551516,1.79139630997061
"2010",-0.0153112234695918,NA,-0.0713726203991787,0.00472817628178385,9.73518561593804,1.49388923571735,9.64850177206926,1.49861741199914
"2011",-0.00322294972488785,NA,0.378295855539217,0.0736111181720606,11.0968757978113,1.58461587269827,11.4719487036256,1.65822699087033
"2012",NA,NA,NA,NA,NA,NA,0,0
"2013",NA,NA,NA,NA,NA,NA,0,0
